{
    "type": "APL",
    "version": "1.6",
    "settings": {},
    "theme": "dark",
    "import": [
        {
            "name": "alexa-layouts",
            "version": "1.3.0"
        }
    ],
    "resources": [],
    "styles": {},
    "onMount": [],
    "graphics": {},
    "commands": {},
    "layouts": {},
    "mainTemplate": {
        "parameters": ["payload"],
        "items": [
            {
                "type": "AlexaDetail",
                "headerTitle": "Welcome to American Heart Association",
                "theme": "dark",
                "imageHeight": 450,
                "imageRoundedCorner": true,
                "imageSource": "${payload.content.mainImage}",
                "backgroundImageSource": "https://s3.amazonaws.com/ahaalexa/forechoshow/background.jpg",
                "primaryText": "${payload.content.primaryText}",
                "backgroundColor": "red",
                "backgroundAlign": "left",
                "detailImageAlignment": "left",
                "headerAttributionImage": "https://s3.amazonaws.com/ahaalexa/forechoshow/AHA_ASA_Masterbrand.jpg",
                "headerAttributionPrimacy": true,
                "headerDivider": true,
                "headerBackgroundColor": "red",
                "imageBlurredBackground": true,
                "detailType": "generic",
                "bodyText": "${payload.content.bodyText}",
                "ratingSlotPadding": 50,
                "imageAlignment": "center",
                "imageAspectRatio": "standard_portait",
                "backgroundBlur": true
            }
        ]
    }
}
